{"cameraMode":{"drawMode":0,"name":"Shaded","section":"Shading Mode"},"sceneLighting":true,"audioPlay":false,"sceneViewState":{"m_AlwaysRefresh":false,"showFog":true,"showSkybox":true,"showFlares":true,"showImageEffects":true,"showParticleSystems":true,"showVisualEffectGraphs":true,"m_FxEnabled":true},"in2DMode":false,"pivot":{"x":-19.862213134765626,"y":-8.066208839416504,"z":103.30998229980469},"rotation":{"x":-0.08539959788322449,"y":0.08418241888284683,"z":-0.007284760475158691,"w":-0.9928216338157654},"size":58.26191711425781,"orthographic":false}