{"cameraMode":{"drawMode":0,"name":"Shaded","section":"Shading Mode"},"sceneLighting":true,"audioPlay":false,"sceneViewState":{"m_AlwaysRefresh":false,"showFog":true,"showSkybox":true,"showFlares":true,"showImageEffects":true,"showParticleSystems":true,"showVisualEffectGraphs":true,"m_FxEnabled":true},"in2DMode":false,"pivot":{"x":-0.9632291793823242,"y":2.211699962615967,"z":3.170711040496826},"rotation":{"x":0.06154033914208412,"y":0.7771055102348328,"z":0.07695038616657257,"w":-0.6216321587562561},"size":2.2490172386169435,"orthographic":false}