{"cameraMode":{"drawMode":0,"name":"Shaded","section":"Shading Mode"},"sceneLighting":false,"audioPlay":false,"sceneViewState":{"m_AlwaysRefresh":false,"showFog":true,"showSkybox":false,"showFlares":true,"showImageEffects":true,"showParticleSystems":true,"showVisualEffectGraphs":true,"m_FxEnabled":true},"in2DMode":false,"pivot":{"x":0.32266801595687868,"y":0.6717401146888733,"z":-0.20179271697998048},"rotation":{"x":-0.22845333814620973,"y":0.30815738439559939,"z":-0.07648928463459015,"w":-0.9203362464904785},"size":0.9482557773590088,"orthographic":false}