{"cameraMode":{"drawMode":0,"name":"Shaded","section":"Shading Mode"},"sceneLighting":false,"audioPlay":false,"sceneViewState":{"m_AlwaysRefresh":false,"showFog":true,"showSkybox":false,"showFlares":true,"showImageEffects":true,"showParticleSystems":true,"showVisualEffectGraphs":true,"m_FxEnabled":true},"in2DMode":false,"pivot":{"x":-1.1679891347885132,"y":0.8119195699691773,"z":-0.530541181564331},"rotation":{"x":-0.08539959788322449,"y":0.08418241888284683,"z":-0.007284760475158691,"w":-0.9928216338157654},"size":1.2619572877883912,"orthographic":false}